{
    "name": "root",
    "gauges": {
        "ShooterBot.Policy.Entropy.mean": {
            "value": 1.4372217655181885,
            "min": 1.4189382791519165,
            "max": 1.4488976001739502,
            "count": 365
        },
        "ShooterBot.Policy.Entropy.sum": {
            "value": 12934.99609375,
            "min": 1004.342041015625,
            "max": 35280.484375,
            "count": 365
        },
        "ShooterBot.Environment.EpisodeLength.mean": {
            "value": 120.66666666666667,
            "min": 120.0,
            "max": 121.0,
            "count": 365
        },
        "ShooterBot.Environment.EpisodeLength.sum": {
            "value": 8688.0,
            "min": 5760.0,
            "max": 14472.0,
            "count": 365
        },
        "ShooterBot.Step.mean": {
            "value": 3649942.0,
            "min": 9882.0,
            "max": 3649942.0,
            "count": 365
        },
        "ShooterBot.Step.sum": {
            "value": 3649942.0,
            "min": 9882.0,
            "max": 3649942.0,
            "count": 365
        },
        "ShooterBot.Policy.ExtrinsicValueEstimate.mean": {
            "value": 0.08539938181638718,
            "min": 0.006090350914746523,
            "max": 0.09283579140901566,
            "count": 365
        },
        "ShooterBot.Policy.ExtrinsicValueEstimate.sum": {
            "value": 7.002749443054199,
            "min": 0.4994087815284729,
            "max": 7.661627292633057,
            "count": 365
        },
        "ShooterBot.Environment.CumulativeReward.mean": {
            "value": 0.2045121973425877,
            "min": 0.16548780256473436,
            "max": 0.24289157214653062,
            "count": 365
        },
        "ShooterBot.Environment.CumulativeReward.sum": {
            "value": 16.77000018209219,
            "min": 13.569999810308218,
            "max": 20.16000048816204,
            "count": 365
        },
        "ShooterBot.Policy.ExtrinsicReward.mean": {
            "value": 0.2045121973425877,
            "min": 0.16548780256473436,
            "max": 0.24289157214653062,
            "count": 365
        },
        "ShooterBot.Policy.ExtrinsicReward.sum": {
            "value": 16.77000018209219,
            "min": 13.569999810308218,
            "max": 20.16000048816204,
            "count": 365
        },
        "ShooterBot.IsTraining.mean": {
            "value": 1.0,
            "min": 1.0,
            "max": 1.0,
            "count": 365
        },
        "ShooterBot.IsTraining.sum": {
            "value": 1.0,
            "min": 1.0,
            "max": 1.0,
            "count": 365
        },
        "ShooterBot.Losses.PolicyLoss.mean": {
            "value": 0.008567886929959058,
            "min": 0.007933436430757865,
            "max": 0.010399205633439124,
            "count": 21
        },
        "ShooterBot.Losses.PolicyLoss.sum": {
            "value": 0.008567886929959058,
            "min": 0.007933436430757865,
            "max": 0.010399205633439124,
            "count": 21
        },
        "ShooterBot.Losses.ValueLoss.mean": {
            "value": 0.0005741817847592756,
            "min": 0.0002700567728606984,
            "max": 0.0017313941940665246,
            "count": 21
        },
        "ShooterBot.Losses.ValueLoss.sum": {
            "value": 0.0005741817847592756,
            "min": 0.0002700567728606984,
            "max": 0.0017313941940665246,
            "count": 21
        },
        "ShooterBot.Policy.LearningRate.mean": {
            "value": 9.027558990815998e-05,
            "min": 9.027558990815998e-05,
            "max": 0.00029001648332784,
            "count": 21
        },
        "ShooterBot.Policy.LearningRate.sum": {
            "value": 9.027558990815998e-05,
            "min": 9.027558990815998e-05,
            "max": 0.00029001648332784,
            "count": 21
        },
        "ShooterBot.Policy.Epsilon.mean": {
            "value": 0.13009184,
            "min": 0.13009184,
            "max": 0.19667215999999996,
            "count": 21
        },
        "ShooterBot.Policy.Epsilon.sum": {
            "value": 0.13009184,
            "min": 0.13009184,
            "max": 0.19667215999999996,
            "count": 21
        },
        "ShooterBot.Policy.Beta.mean": {
            "value": 0.0015115828160000005,
            "min": 0.0015115828160000005,
            "max": 0.004833940784,
            "count": 21
        },
        "ShooterBot.Policy.Beta.sum": {
            "value": 0.0015115828160000005,
            "min": 0.0015115828160000005,
            "max": 0.004833940784,
            "count": 21
        }
    },
    "metadata": {
        "timer_format_version": "0.1.0",
        "start_time_seconds": "1776144155",
        "python_version": "3.10.12 | packaged by Anaconda, Inc. | (main, Jul  5 2023, 19:01:18) [MSC v.1916 64 bit (AMD64)]",
        "command_line_arguments": "F:\\Engines\\Miniconda3\\envs\\mlagents\\Scripts\\mlagents-learn ml_agents_config/shooter_bot.yaml --run-id=ShooterBot_MAX --force --env=TrainingBuild\\RecRoomRivals_Studio8.exe --num-envs=8 --no-graphics --torch-device cuda",
        "mlagents_version": "1.2.0.dev0",
        "mlagents_envs_version": "1.2.0.dev0",
        "communication_protocol_version": "1.5.0",
        "pytorch_version": "2.11.0+cu128",
        "numpy_version": "1.23.5",
        "end_time_seconds": "1776145246"
    },
    "total": 1091.8685598999982,
    "count": 1,
    "self": 1.8426603999978397,
    "children": {
        "run_training.setup": {
            "total": 0.44233449999956065,
            "count": 1,
            "self": 0.44233449999956065
        },
        "TrainerController.start_learning": {
            "total": 1089.5835650000008,
            "count": 1,
            "self": 0.6673942001962132,
            "children": {
                "TrainerController._reset_env": {
                    "total": 9.476527699998769,
                    "count": 1,
                    "self": 9.476527699998769
                },
                "TrainerController.advance": {
                    "total": 1078.6043984998068,
                    "count": 28312,
                    "self": 0.4689726996621175,
                    "children": {
                        "env_step": {
                            "total": 368.7713423000023,
                            "count": 28312,
                            "self": 118.16450929835628,
                            "children": {
                                "SubprocessEnvManager._take_step": {
                                    "total": 249.98163180134725,
                                    "count": 154016,
                                    "self": 7.427431900636293,
                                    "children": {
                                        "TorchPolicy.evaluate": {
                                            "total": 242.55419990071096,
                                            "count": 153007,
                                            "self": 242.55419990071096
                                        }
                                    }
                                },
                                "workers": {
                                    "total": 0.6252012002987613,
                                    "count": 28312,
                                    "self": 0.0,
                                    "children": {
                                        "worker_root": {
                                            "total": 8638.66749249916,
                                            "count": 154014,
                                            "is_parallel": true,
                                            "self": 8154.508153899285,
                                            "children": {
                                                "steps_from_proto": {
                                                    "total": 0.0024325999984284863,