{
    "name": "root",
    "gauges": {
        "ShooterBot.Policy.Entropy.mean": {
            "value": 1.418938398361206,
            "min": 1.418938159942627,
            "max": 1.4189386367797852,
            "count": 20
        },
        "ShooterBot.Policy.Entropy.sum": {
            "value": 20705.1484375,
            "min": 4495.197265625,
            "max": 25370.6171875,
            "count": 20
        },
        "ShooterBot.Step.mean": {
            "value": 199944.0,
            "min": 9984.0,
            "max": 199944.0,
            "count": 20
        },
        "ShooterBot.Step.sum": {
            "value": 199944.0,
            "min": 9984.0,
            "max": 199944.0,
            "count": 20
        },
        "ShooterBot.Policy.ExtrinsicValueEstimate.mean": {
            "value": -0.03209909424185753,
            "min": -0.04348205029964447,
            "max": -0.007237042300403118,
            "count": 20
        },
        "ShooterBot.Policy.ExtrinsicValueEstimate.sum": {
            "value": -9.116142272949219,
            "min": -9.116142272949219,
            "max": -1.1289786100387573,
            "count": 20
        },
        "ShooterBot.Policy.CuriosityValueEstimate.mean": {
            "value": 0.038999952375888824,
            "min": 0.03093484602868557,
            "max": 0.04694094881415367,
            "count": 20
        },
        "ShooterBot.Policy.CuriosityValueEstimate.sum": {
            "value": 11.075986862182617,
            "min": 5.198376655578613,
            "max": 14.787149429321289,
            "count": 20
        },
        "ShooterBot.IsTraining.mean": {
            "value": 1.0,
            "min": 1.0,
            "max": 1.0,
            "count": 20
        },
        "ShooterBot.IsTraining.sum": {
            "value": 1.0,
            "min": 1.0,
            "max": 1.0,
            "count": 20
        },
        "ShooterBot.Environment.EpisodeLength.mean": {
            "value": 140.75,
            "min": 140.0,
            "max": 141.0,
            "count": 14
        },
        "ShooterBot.Environment.EpisodeLength.sum": {
            "value": 13512.0,
            "min": 3384.0,
            "max": 30456.0,
            "count": 14
        },
        "ShooterBot.Environment.CumulativeReward.mean": {
            "value": -0.0992682868751084,
            "min": -0.09999999403953552,
            "max": -0.0949999950826168,
            "count": 14
        },
        "ShooterBot.Environment.CumulativeReward.sum": {
            "value": -16.279999047517776,
            "min": -22.159998804330826,
            "max": -2.2799998819828033,
            "count": 14
        },
        "ShooterBot.Policy.ExtrinsicReward.mean": {
            "value": -0.0992682868751084,
            "min": -0.09999999403953552,
            "max": -0.0949999950826168,
            "count": 14
        },
        "ShooterBot.Policy.ExtrinsicReward.sum": {
            "value": -16.279999047517776,
            "min": -22.159998804330826,
            "max": -2.2799998819828033,
            "count": 14
        },
        "ShooterBot.Policy.CuriosityReward.mean": {
            "value": 0.0,
            "min": 0.0,
            "max": 0.0,
            "count": 14
        },
        "ShooterBot.Policy.CuriosityReward.sum": {
            "value": 0.0,
            "min": 0.0,
            "max": 0.0,
            "count": 14
        }
    },
    "metadata": {
        "timer_format_version": "0.1.0",
        "start_time_seconds": "1776147199",
        "python_version": "3.10.12 | packaged by Anaconda, Inc. | (main, Jul  5 2023, 19:01:18) [MSC v.1916 64 bit (AMD64)]",
        "command_line_arguments": "F:\\Engines\\Miniconda3\\envs\\mlagents\\Scripts\\mlagents-learn ml_agents_config/shooter_bot.yaml --run-id=ShooterBot_NIGHT --force --env=TrainingBuild\\RecRoomRivals_Studio8.exe --num-envs=12 --no-graphics --torch-device cuda",
        "mlagents_version": "1.2.0.dev0",
        "mlagents_envs_version": "1.2.0.dev0",
        "communication_protocol_version": "1.5.0",
        "pytorch_version": "2.11.0+cu128",
        "numpy_version": "1.23.5",
        "end_time_seconds": "1776147300"
    },
    "total": 100.7771216000001,
    "count": 1,
    "self": 0.47745880000002217,
    "children": {
        "run_training.setup": {
            "total": 0.6605803999991622,
            "count": 1,
            "self": 0.6605803999991622
        },
        "TrainerController.start_learning": {
            "total": 99.63908240000092,
            "count": 1,
            "self": 0.036977700034185546,
            "children": {
                "TrainerController._reset_env": {
                    "total": 9.512610800000402,
                    "count": 1,
                    "self": 9.512610800000402
                },
                "TrainerController.advance": {
                    "total": 88.14738169996781,
                    "count": 930,
                    "self": 0.016846399892529007,
                    "children": {
                        "env_step": {
                            "total": 18.989617199982604,
                            "count": 930,
                            "self": 5.740380999908666,
                            "children": {
                                "SubprocessEnvManager._take_step": {
                                    "total": 13.221468100087804,
                                    "count": 8939,
                                    "self": 0.39460749997670064,
                                    "children": {
                                        "TorchPolicy.evaluate": {
                                            "total": 12.826860600111104,
                                            "count": 8889,
                                            "self": 12.826860600111104
                                        }
                                    }
                                },
                                "workers": {
                                    "total": 0.027768099986133166,
                                    "count": 930,
                                    "self": 0.0,
                                    "children": {
                                        "worker_root": {
                                            "total": 474.8592088999176,
                                            "count": 8936,
                                            "is_parallel": true,
                                            "self": 448.98741979982515,
                                            "children": {
                                                "steps_from_proto": {
                                                    "total": 0.0036584999979822896,
                                                    "count": 12,
                                                    "is_parallel": true,
                                                    "self": 0.0009981000002881046,
                                                    "children": {
                                                        "_process_rank_one_or_two_observation": {
                                                            "total": 0.002660399997694185,
                                                            "count": 24,
                                                            "is_parallel": true,
                                                            "self": 0.002660399997694185
                                                        }
                                                    }
                                                },
                                                "UnityEnvironment.step": {
                                                    "total": 25.868130600094446,
                                                    "count": 8936,
                                                    "is_parallel": true,
                                                    "self": 0.8716880000320089,