{
    "name": "root",
    "gauges": {
        "ShooterBot.Policy.Entropy.mean": {
            "value": 1.3371144533157349,
            "min": 1.3371144533157349,
            "max": 1.4093437194824219,
            "count": 66
        },
        "ShooterBot.Policy.Entropy.sum": {
            "value": 13478.11328125,
            "min": 236.76974487304688,
            "max": 14206.1845703125,
            "count": 66
        },
        "ShooterBot.Environment.EpisodeLength.mean": {
            "value": 5.666666666666667,
            "min": 5.661290322580645,
            "max": 6.0,
            "count": 66
        },
        "ShooterBot.Environment.EpisodeLength.sum": {
            "value": 8568.0,
            "min": 144.0,
            "max": 8568.0,
            "count": 66
        },
        "ShooterBot.IsTraining.mean": {
            "value": 1.0,
            "min": 1.0,
            "max": 1.0,
            "count": 66
        },
        "ShooterBot.IsTraining.sum": {
            "value": 1.0,
            "min": 1.0,
            "max": 1.0,
            "count": 66
        },
        "ShooterBot.Step.mean": {
            "value": 849999.0,
            "min": 209997.0,
            "max": 849999.0,
            "count": 65
        },
        "ShooterBot.Step.sum": {
            "value": 849999.0,
            "min": 209997.0,
            "max": 849999.0,
            "count": 65
        },
        "ShooterBot.Policy.ExtrinsicValueEstimate.mean": {
            "value": 0.28586557507514954,
            "min": 0.24014517664909363,
            "max": 0.28914105892181396,
            "count": 65
        },
        "ShooterBot.Policy.ExtrinsicValueEstimate.sum": {
            "value": 429.084228515625,
            "min": 360.2177734375,
            "max": 434.000732421875,
            "count": 65
        },
        "ShooterBot.Environment.CumulativeReward.mean": {
            "value": 0.46501667763687904,
            "min": 0.3878066848888993,
            "max": 0.4712733551499744,
            "count": 65
        },
        "ShooterBot.Environment.CumulativeReward.sum": {
            "value": 697.9900331329554,
            "min": 581.710027333349,
            "max": 706.9100327249616,
            "count": 65
        },
        "ShooterBot.Policy.ExtrinsicReward.mean": {
            "value": 0.46501667763687904,
            "min": 0.3878066848888993,
            "max": 0.4712733551499744,
            "count": 65
        },
        "ShooterBot.Policy.ExtrinsicReward.sum": {
            "value": 697.9900331329554,
            "min": 581.710027333349,
            "max": 706.9100327249616,
            "count": 65
        },
        "ShooterBot.Losses.PolicyLoss.mean": {
            "value": 0.01662437432911247,
            "min": 0.0161465612356551,
            "max": 0.02106773959705606,
            "count": 15
        },
        "ShooterBot.Losses.PolicyLoss.sum": {
            "value": 0.01662437432911247,
            "min": 0.0161465612356551,
            "max": 0.02106773959705606,
            "count": 15
        },
        "ShooterBot.Losses.ValueLoss.mean": {
            "value": 0.0054662121832370755,
            "min": 0.004919315986335278,
            "max": 0.005632891547866166,
            "count": 15
        },
        "ShooterBot.Losses.ValueLoss.sum": {
            "value": 0.0054662121832370755,
            "min": 0.004919315986335278,
            "max": 0.005632891547866166,
            "count": 15
        },
        "ShooterBot.Policy.LearningRate.mean": {
            "value": 0.00025106863631046,
            "min": 0.00025106863631046,
            "max": 0.00028554222481926,
            "count": 15
        },
        "ShooterBot.Policy.LearningRate.sum": {
            "value": 0.00025106863631046,
            "min": 0.00025106863631046,
            "max": 0.00028554222481926,
            "count": 15
        },
        "ShooterBot.Policy.Epsilon.mean": {
            "value": 0.18368953999999998,
            "min": 0.18368953999999998,
            "max": 0.1951807400000001,
            "count": 15
        },
        "ShooterBot.Policy.Epsilon.sum": {
            "value": 0.18368953999999998,
            "min": 0.18368953999999998,
            "max": 0.1951807400000001,
            "count": 15
        },
        "ShooterBot.Policy.Beta.mean": {
            "value": 0.004186108046000001,
            "min": 0.004186108046000001,
            "max": 0.004759518926000001,
            "count": 15
        },
        "ShooterBot.Policy.Beta.sum": {
            "value": 0.004186108046000001,
            "min": 0.004186108046000001,
            "max": 0.004759518926000001,
            "count": 15
        }
    },
    "metadata": {
        "timer_format_version": "0.1.0",
        "start_time_seconds": "1776141686",
        "python_version": "3.10.12 | packaged by Anaconda, Inc. | (main, Jul  5 2023, 19:01:18) [MSC v.1916 64 bit (AMD64)]",
        "command_line_arguments": "F:\\Engines\\Miniconda3\\envs\\mlagents\\Scripts\\mlagents-learn ml_agents_config/shooter_bot.yaml --run-id=ShooterBot_v2 --resume",
        "mlagents_version": "1.2.0.dev0",
        "mlagents_envs_version": "1.2.0.dev0",
        "communication_protocol_version": "1.5.0",
        "pytorch_version": "2.11.0+cu128",
        "numpy_version": "1.23.5",
        "end_time_seconds": "1776143163"
    },
    "total": 1476.9509243000011,
    "count": 1,
    "self": 0.002838900001734146,
    "children": {
        "run_training.setup": {
            "total": 0.06269249999968451,
            "count": 1,
            "self": 0.06269249999968451
        },
        "TrainerController.start_learning": {
            "total": 1476.8853928999997,
            "count": 1,
            "self": 0.5121685001795413,
            "children": {
                "TrainerController._reset_env": {
                    "total": 17.261852999999974,
                    "count": 1,
                    "self": 17.261852999999974
                },
                "TrainerController.advance": {
                    "total": 1458.3483921998213,
                    "count": 30089,
                    "self": 0.4611428998923657,
                    "children": {
                        "env_step": {
                            "total": 1164.5812192998983,
                            "count": 30089,
                            "self": 1106.386185699881,
                            "children": {
                                "SubprocessEnvManager._take_step": {
                                    "total": 57.856599000086135,
                                    "count": 30089,
                                    "self": 1.5974114001237467,
                                    "children": {
                                        "TorchPolicy.evaluate": {
                                            "total": 56.25918759996239,
                                            "count": 27354,
                                            "self": 56.25918759996239
                                        }
                                    }
                                },
                                "workers": {
                                    "total": 0.33843459993113356,
                                    "count": 30089,
                                    "self": 0.0,
                                    "children": {
                                        "worker_root": {
                                            "total": 1457.0756571998354,
                                            "count": 30089,
                                            "is_parallel": true,
                                            "self": 385.2473837998532,
                                            "children": {
                                                "steps_from_proto": {
                                                    "total": 0.00028700000075332355,
                                                    "count": 1,