{
    "name": "root",
    "gauges": {
        "ShooterBot.Policy.Entropy.mean": {
            "value": 1.6841920614242554,
            "min": 1.4189382791519165,
            "max": 1.691130518913269,
            "count": 813
        },
        "ShooterBot.Policy.Entropy.sum": {
            "value": 13096.27734375,
            "min": 530.8584594726562,
            "max": 17081.26171875,
            "count": 813
        },
        "ShooterBot.Environment.EpisodeLength.mean": {
            "value": 59.0,
            "min": 59.0,
            "max": 59.0,
            "count": 813
        },
        "ShooterBot.Environment.EpisodeLength.sum": {
            "value": 4248.0,
            "min": 2832.0,
            "max": 7080.0,
            "count": 813
        },
        "ShooterBot.Step.mean": {
            "value": 4064940.0,
            "min": 4980.0,
            "max": 4064940.0,
            "count": 813
        },
        "ShooterBot.Step.sum": {
            "value": 4064940.0,
            "min": 4980.0,
            "max": 4064940.0,
            "count": 813
        },
        "ShooterBot.Policy.ExtrinsicValueEstimate.mean": {
            "value": -0.34272703528404236,
            "min": -0.34272703528404236,
            "max": 0.09117413312196732,
            "count": 813
        },
        "ShooterBot.Policy.ExtrinsicValueEstimate.sum": {
            "value": -28.44634437561035,
            "min": -28.636547088623047,
            "max": 7.658627033233643,
            "count": 813
        },
        "ShooterBot.Policy.CuriosityValueEstimate.mean": {
            "value": 0.007754710968583822,
            "min": 0.007093306165188551,
            "max": 1.2504889965057373,
            "count": 813
        },
        "ShooterBot.Policy.CuriosityValueEstimate.sum": {
            "value": 0.6436409950256348,
            "min": 0.5887444019317627,
            "max": 105.04107666015625,
            "count": 813
        },
        "ShooterBot.Environment.CumulativeReward.mean": {
            "value": -0.08704900678740926,
            "min": -0.10302381545660041,
            "max": -0.05467562201166792,
            "count": 813
        },
        "ShooterBot.Environment.CumulativeReward.sum": {
            "value": -7.225067563354969,
            "min": -8.654000498354435,
            "max": -4.592752248980105,
            "count": 813
        },
        "ShooterBot.Policy.ExtrinsicReward.mean": {
            "value": -0.08704900678740926,
            "min": -0.10302381545660041,
            "max": -0.05467562201166792,
            "count": 813
        },
        "ShooterBot.Policy.ExtrinsicReward.sum": {
            "value": -7.225067563354969,
            "min": -8.654000498354435,
            "max": -4.592752248980105,
            "count": 813
        },
        "ShooterBot.Policy.CuriosityReward.mean": {
            "value": 0.0026333996737151442,
            "min": 0.0,
            "max": 4.881081950233643,
            "count": 813
        },
        "ShooterBot.Policy.CuriosityReward.sum": {
            "value": 0.21857217291835696,
            "min": 0.0,
            "max": 405.1298018693924,
            "count": 813
        },
        "ShooterBot.IsTraining.mean": {
            "value": 1.0,
            "min": 1.0,
            "max": 1.0,
            "count": 813
        },
        "ShooterBot.IsTraining.sum": {
            "value": 1.0,
            "min": 1.0,
            "max": 1.0,
            "count": 813
        },
        "ShooterBot.Losses.PolicyLoss.mean": {
            "value": 0.016387842439871746,
            "min": 0.01501160300540505,
            "max": 0.01934055414312752,
            "count": 61
        },
        "ShooterBot.Losses.PolicyLoss.sum": {
            "value": 0.016387842439871746,
            "min": 0.01501160300540505,
            "max": 0.01934055414312752,
            "count": 61
        },
        "ShooterBot.Losses.ValueLoss.mean": {
            "value": 0.0002558810287155211,
            "min": 0.00016136318427015795,
            "max": 0.08425000824499876,
            "count": 61
        },
        "ShooterBot.Losses.ValueLoss.sum": {
            "value": 0.0002558810287155211,
            "min": 0.00016136318427015795,
            "max": 0.08425000824499876,
            "count": 61
        },
        "ShooterBot.Policy.LearningRate.mean": {
            "value": 0.00023932562022480004,
            "min": 0.00023932562022480004,
            "max": 0.00029900640033120004,
            "count": 61
        },
        "ShooterBot.Policy.LearningRate.sum": {
            "value": 0.00023932562022480004,
            "min": 0.00023932562022480004,
            "max": 0.00029900640033120004,
            "count": 61
        },
        "ShooterBot.Policy.Epsilon.mean": {
            "value": 0.1797752,
            "min": 0.1797752,
            "max": 0.1996688,
            "count": 61
        },
        "ShooterBot.Policy.Epsilon.sum": {
            "value": 0.1797752,
            "min": 0.1797752,
            "max": 0.1996688,
            "count": 61
        },
        "ShooterBot.Policy.Beta.mean": {
            "value": 0.003990782479999999,
            "min": 0.003990782479999999,
            "max": 0.004983473119999999,
            "count": 61
        },
        "ShooterBot.Policy.Beta.sum": {
            "value": 0.003990782479999999,
            "min": 0.003990782479999999,
            "max": 0.004983473119999999,
            "count": 61
        },
        "ShooterBot.Losses.CuriosityForwardLoss.mean": {
            "value": 0.003199553446029313,
            "min": 0.003199553446029313,
            "max": 29.760961973667143,
            "count": 61
        },
        "ShooterBot.Losses.CuriosityForwardLoss.sum": {
            "value": 0.003199553446029313,
            "min": 0.003199553446029313,
            "max": 29.760961973667143,
            "count": 61
        },
        "ShooterBot.Losses.CuriosityInverseLoss.mean": {
            "value": 6.880622029304504,
            "min": 4.037117014825344,
            "max": 6.9489605814218525,
            "count": 61
        },
        "ShooterBot.Losses.CuriosityInverseLoss.sum": {
            "value": 6.880622029304504,
            "min": 4.037117014825344,
            "max": 6.9489605814218525,
            "count": 61
        }
    },
    "metadata": {
        "timer_format_version": "0.1.0",
        "start_time_seconds": "1776257964",
        "python_version": "3.10.12 | packaged by Anaconda, Inc. | (main, Jul  5 2023, 19:01:18) [MSC v.1916 64 bit (AMD64)]",
        "command_line_arguments": "F:\\Engines\\Miniconda3\\envs\\mlagents\\Scripts\\mlagents-learn F:\\Projects\\Unity\\RecRoomRivals_Studio8\\ml_agents_config\\shooter_bot.yaml --run-id=ShooterBot_v1 --force --env=F:\\Projects\\Unity\\RecRoomRivals_Studio8\\TrainingBuild\\RecRoomRivals_Studio8.exe --num-envs=8 --no-graphics --torch-device=cuda --base-port=5005 --time-scale=20",
        "mlagents_version": "1.2.0.dev0",
        "mlagents_envs_version": "1.2.0.dev0",
        "communication_protocol_version": "1.5.0",
        "pytorch_version": "2.11.0+cu128",
        "numpy_version": "1.23.5",
        "end_time_seconds": "1776259619"
    },
    "total": 1655.0007809999952,
    "count": 1,
    "self": 1.4185837999830255,
    "children": {
        "run_training.setup": {
            "total": 0.46229809999931604,
            "count": 1,
            "self": 0.46229809999931604
        },
        "TrainerController.start_learning": {
            "total": 1653.1198991000128,
            "count": 1,
            "self": 0.648031699078274,
            "children": {
                "TrainerController._reset_env": {
                    "total": 4.832647300005192,
                    "count": 1,
                    "self": 4.832647300005192
                },
                "TrainerController.advance": {
                    "total": 1646.8145336009184,
                    "count": 30234,